ticket_id,created_at,category,priority,status,agent,resolution_hours
1,2026-01-26T07:47,hardware,medium,resolved,Anna K.,7.1
2,2026-02-11T12:35,account,low,resolved,Tomasz B.,12.4
3,2026-02-19T16:48,software,medium,resolved,Ola N.,16.0
4,2026-05-18T07:24,account,medium,resolved,Marta S.,7.2
5,2026-03-24T08:59,network,high,resolved,Ola N.,1.6
6,2026-02-04T06:42,account,medium,resolved,Ola N.,13.3
7,2026-03-10T11:53,network,low,resolved,Anna K.,50.3
8,2026-05-04T07:40,account,medium,resolved,Piotr W.,21.7
9,2026-06-16T13:14,software,medium,resolved,Piotr W.,9.6
10,2026-02-26T09:13,hardware,high,resolved,Anna K.,1.1
11,2026-06-09T13:09,network,medium,resolved,Marta S.,14.4
12,2026-03-18T12:23,account,low,resolved,Ola N.,60.3
13,2026-06-04T08:10,software,critical,resolved,Ola N.,5.1
14,2026-03-25T09:35,software,medium,resolved,Anna K.,14.9
15,2026-02-18T13:07,network,low,resolved,Anna K.,32.4
16,2026-06-08T09:32,software,low,in_progress,Anna K.,
17,2026-04-27T12:09,network,medium,resolved,Anna K.,8.3
18,2026-04-20T11:07,hardware,low,in_progress,Ola N.,
19,2026-04-13T07:46,printer,high,resolved,Marta S.,3.3
20,2026-03-27T12:16,printer,low,resolved,Ola N.,14.0
21,2026-05-18T13:45,network,medium,in_progress,Piotr W.,
22,2026-01-22T09:21,account,critical,resolved,Marta S.,3.0
23,2026-04-24T09:57,account,medium,resolved,Ola N.,4.4
24,2026-02-09T08:59,hardware,low,resolved,Ola N.,54.4
25,2026-02-04T07:27,network,medium,resolved,Piotr W.,24.6
26,2026-01-19T10:21,software,medium,resolved,Anna K.,23.6
27,2026-03-17T09:15,hardware,low,resolved,Piotr W.,34.5
28,2026-04-08T01:05,hardware,low,resolved,Ola N.,53.2
29,2026-06-04T16:10,network,high,resolved,Piotr W.,6.3
30,2026-05-21T09:44,hardware,critical,in_progress,Marta S.,
31,2026-02-04T08:03,software,critical,resolved,Ola N.,3.5
32,2026-04-01T15:10,account,medium,resolved,Marta S.,16.5
33,2026-06-04T10:56,printer,medium,resolved,Piotr W.,3.9
34,2026-04-15T11:59,network,medium,resolved,Anna K.,11.0
35,2026-05-01T09:20,hardware,medium,resolved,Marta S.,11.8
36,2026-06-29T07:13,printer,high,resolved,Anna K.,9.6
37,2026-03-09T08:53,printer,low,resolved,Marta S.,57.4
38,2026-02-24T13:56,account,low,resolved,Ola N.,65.5
39,2026-02-20T08:21,account,low,resolved,Anna K.,11.7
40,2026-06-12T05:40,network,medium,resolved,Marta S.,8.1
41,2026-06-25T08:28,printer,low,resolved,Anna K.,10.3
42,2026-05-05T08:02,software,medium,resolved,Anna K.,22.8
43,2026-03-09T17:55,account,medium,resolved,Piotr W.,3.2
44,2026-04-13T16:39,software,medium,resolved,Piotr W.,11.9
45,2026-05-26T16:01,account,high,resolved,Piotr W.,11.7
46,2026-05-26T09:50,software,high,resolved,Tomasz B.,12.6
47,2026-05-27T11:19,software,medium,resolved,Anna K.,6.6
48,2026-03-02T16:49,network,high,resolved,Piotr W.,3.1
49,2026-03-02T03:56,hardware,medium,resolved,Tomasz B.,30.7
50,2026-03-04T14:27,software,low,resolved,Marta S.,40.1
51,2026-01-08T10:33,hardware,medium,resolved,Tomasz B.,8.8
52,2026-04-30T09:20,software,medium,resolved,Piotr W.,4.0
53,2026-03-02T13:35,account,low,resolved,Marta S.,44.4
54,2026-04-21T09:35,software,medium,resolved,Tomasz B.,32.7
55,2026-04-28T11:28,software,low,resolved,Piotr W.,43.4
56,2026-04-30T13:05,software,medium,resolved,Piotr W.,9.9
57,2026-01-06T09:30,software,high,resolved,Marta S.,2.9
58,2026-02-04T13:31,network,high,resolved,Tomasz B.,9.5
59,2026-06-09T14:14,account,low,resolved,Anna K.,50.0
60,2026-06-15T08:08,software,critical,resolved,Ola N.,3.9
61,2026-06-10T13:46,hardware,medium,resolved,Ola N.,31.5
62,2026-06-04T10:48,account,medium,resolved,Ola N.,7.1
63,2026-03-20T14:15,network,medium,resolved,Ola N.,9.6
64,2026-03-10T08:13,account,low,resolved,Ola N.,15.7
65,2026-06-01T10:49,software,medium,resolved,Ola N.,4.1
66,2026-03-05T14:54,hardware,medium,resolved,Ola N.,2.4
67,2026-04-20T08:14,network,high,resolved,Ola N.,7.7
68,2026-03-16T08:29,hardware,medium,resolved,Tomasz B.,25.2
69,2026-04-13T03:41,network,critical,resolved,Ola N.,2.9
70,2026-02-09T09:48,hardware,high,resolved,Piotr W.,5.2
71,2026-01-05T11:22,account,low,resolved,Tomasz B.,11.5
72,2026-02-05T02:09,account,low,resolved,Anna K.,54.9
73,2026-05-06T14:10,software,medium,resolved,Anna K.,6.5
74,2026-02-25T12:59,network,critical,resolved,Anna K.,1.1
75,2026-01-14T13:40,account,medium,resolved,Tomasz B.,26.4
76,2026-01-22T22:50,account,medium,resolved,Marta S.,16.9
77,2026-01-05T10:31,account,medium,resolved,Marta S.,18.1
78,2026-05-12T20:17,software,critical,resolved,Tomasz B.,3.5
79,2026-04-17T09:15,software,high,resolved,Tomasz B.,12.1
80,2026-04-21T10:01,printer,low,resolved,Tomasz B.,42.7
81,2026-03-03T16:44,hardware,low,resolved,Tomasz B.,69.9
82,2026-01-16T14:31,printer,medium,in_progress,Ola N.,
83,2026-05-24T07:14,network,low,resolved,Tomasz B.,44.9
84,2026-03-03T23:35,network,low,resolved,Ola N.,45.8
85,2026-05-11T09:47,printer,medium,resolved,Marta S.,7.6
86,2026-02-19T12:48,printer,high,resolved,Piotr W.,9.1
87,2026-03-06T09:45,printer,low,resolved,Anna K.,19.3
88,2026-01-23T16:31,account,low,resolved,Anna K.,41.1
89,2026-02-03T05:55,printer,low,resolved,Marta S.,30.6
90,2026-05-04T08:51,printer,high,resolved,Tomasz B.,8.8
91,2026-04-20T15:14,software,low,resolved,Piotr W.,56.0
92,2026-03-18T12:03,software,medium,resolved,Tomasz B.,22.2
93,2026-01-15T09:35,account,medium,resolved,Piotr W.,9.4
94,2026-01-07T09:18,software,low,resolved,Tomasz B.,43.1
95,2026-05-22T13:42,software,medium,in_progress,Piotr W.,
96,2026-06-12T15:04,account,low,resolved,Anna K.,38.4
97,2026-02-23T08:44,network,high,resolved,Ola N.,8.0
98,2026-01-15T04:27,software,medium,resolved,Marta S.,14.2
99,2026-06-01T12:01,hardware,medium,resolved,Anna K.,23.1
100,2026-02-02T11:28,hardware,medium,resolved,Marta S.,21.0
101,2026-06-24T11:26,network,low,resolved,Ola N.,65.3
102,2026-02-23T18:52,software,medium,resolved,Piotr W.,21.4
103,2026-06-24T10:32,software,low,resolved,Anna K.,20.8
104,2026-04-03T13:31,software,low,resolved,Ola N.,8.5
105,2026-02-23T16:31,account,high,resolved,Piotr W.,2.4
106,2026-02-25T01:26,account,critical,resolved,Ola N.,4.8
107,2026-05-31T11:45,network,critical,resolved,Anna K.,0.9
108,2026-02-13T12:24,account,medium,resolved,Tomasz B.,35.3
109,2026-05-22T10:59,software,medium,resolved,Piotr W.,9.7
110,2026-04-16T23:31,software,low,resolved,Anna K.,19.4
111,2026-04-08T11:20,software,medium,resolved,Tomasz B.,20.9
112,2026-05-20T04:47,printer,critical,resolved,Piotr W.,1.8
113,2026-05-28T21:31,hardware,high,resolved,Tomasz B.,10.0
114,2026-06-02T07:58,printer,low,resolved,Ola N.,11.9
115,2026-01-14T14:16,network,medium,resolved,Tomasz B.,35.0
116,2026-06-04T10:20,software,medium,resolved,Anna K.,20.7
117,2026-01-13T13:58,network,high,resolved,Tomasz B.,1.7
118,2026-04-24T16:28,account,low,resolved,Anna K.,8.6
119,2026-02-23T10:09,account,low,resolved,Anna K.,46.5
120,2026-06-07T13:15,printer,medium,resolved,Piotr W.,4.2
121,2026-02-16T01:51,printer,medium,resolved,Piotr W.,9.1
122,2026-03-04T12:40,hardware,low,resolved,Ola N.,37.4
123,2026-03-11T11:15,network,medium,resolved,Tomasz B.,9.1
124,2026-02-23T21:42,network,medium,open,Marta S.,
125,2026-05-14T15:57,network,low,in_progress,Anna K.,
126,2026-02-04T09:48,software,high,resolved,Ola N.,3.7
127,2026-04-27T09:28,account,medium,resolved,Piotr W.,27.3
128,2026-05-14T08:08,software,medium,resolved,Piotr W.,10.3
129,2026-05-29T09:52,hardware,high,resolved,Marta S.,9.9
130,2026-01-21T19:09,software,critical,resolved,Marta S.,2.1
131,2026-05-25T10:50,network,low,open,Tomasz B.,
132,2026-05-01T12:52,software,low,resolved,Anna K.,39.8
133,2026-06-19T09:39,account,medium,resolved,Piotr W.,19.3
134,2026-02-24T10:08,account,low,in_progress,Tomasz B.,
135,2026-04-07T10:23,software,low,resolved,Tomasz B.,24.0
136,2026-01-28T10:06,software,medium,resolved,Ola N.,25.1
137,2026-03-23T18:54,network,medium,resolved,Marta S.,11.1
138,2026-03-06T10:12,hardware,critical,resolved,Marta S.,5.3
139,2026-04-27T20:03,software,high,resolved,Tomasz B.,4.0
140,2026-05-29T12:37,account,low,resolved,Piotr W.,18.0
141,2026-04-17T09:09,hardware,high,resolved,Marta S.,8.7
142,2026-01-26T10:50,account,medium,resolved,Piotr W.,26.3
143,2026-03-17T07:04,printer,low,resolved,Piotr W.,12.6
144,2026-02-10T13:46,software,high,resolved,Ola N.,6.6
145,2026-01-06T23:54,network,high,resolved,Ola N.,8.9
146,2026-06-11T09:09,account,medium,resolved,Tomasz B.,17.3
147,2026-06-29T11:29,printer,low,resolved,Ola N.,28.7
148,2026-05-19T14:13,network,medium,resolved,Anna K.,16.2
149,2026-03-17T07:27,network,high,resolved,Tomasz B.,7.2
150,2026-01-19T07:27,account,low,resolved,Piotr W.,36.3
151,2026-04-13T09:07,network,medium,resolved,Piotr W.,18.4
152,2026-06-23T12:22,account,high,resolved,Tomasz B.,10.7
153,2026-01-20T15:23,account,medium,resolved,Piotr W.,8.3
154,2026-06-24T15:39,software,low,resolved,Piotr W.,61.5
155,2026-05-29T09:11,network,medium,in_progress,Ola N.,
156,2026-01-27T13:04,account,high,resolved,Marta S.,2.7
157,2026-03-10T11:10,network,medium,resolved,Anna K.,13.5
158,2026-01-28T14:03,software,medium,resolved,Ola N.,29.4
159,2026-02-18T14:07,network,low,resolved,Tomasz B.,40.9
160,2026-01-09T10:38,account,low,resolved,Ola N.,54.3
161,2026-02-23T08:31,software,low,resolved,Piotr W.,56.0
162,2026-04-12T13:22,account,low,resolved,Tomasz B.,23.6
163,2026-01-14T09:27,software,high,resolved,Anna K.,4.8
164,2026-06-23T08:39,printer,medium,resolved,Tomasz B.,16.0
165,2026-02-13T12:33,account,medium,resolved,Marta S.,23.1
166,2026-01-14T13:33,printer,high,resolved,Marta S.,8.6
167,2026-04-27T08:06,account,high,resolved,Marta S.,10.4
168,2026-01-14T18:40,printer,low,resolved,Ola N.,61.2
169,2026-04-13T13:39,network,high,resolved,Ola N.,12.3
170,2026-03-23T09:17,software,critical,resolved,Marta S.,0.8
171,2026-01-12T15:04,software,medium,resolved,Anna K.,11.7
172,2026-03-25T12:50,software,critical,resolved,Anna K.,2.6
173,2026-03-27T08:03,printer,low,resolved,Ola N.,28.5
174,2026-01-16T13:02,account,high,open,Marta S.,
175,2026-03-09T17:24,network,medium,resolved,Tomasz B.,22.9
176,2026-03-02T09:35,software,low,resolved,Ola N.,51.6
177,2026-04-15T08:22,network,low,resolved,Ola N.,29.3
178,2026-01-16T12:41,software,medium,resolved,Tomasz B.,26.2
179,2026-04-02T02:19,account,high,resolved,Ola N.,9.2
180,2026-01-28T09:50,account,low,resolved,Tomasz B.,86.4
181,2026-05-19T08:24,account,high,resolved,Ola N.,5.2
182,2026-03-20T10:43,software,low,resolved,Ola N.,16.8
183,2026-03-23T11:19,hardware,critical,resolved,Ola N.,5.1
184,2026-06-26T11:18,software,high,resolved,Piotr W.,11.4
185,2026-05-27T15:08,hardware,medium,open,Tomasz B.,
186,2026-01-20T15:54,account,low,resolved,Tomasz B.,50.1
187,2026-01-27T10:58,account,low,resolved,Piotr W.,65.6
188,2026-03-17T10:23,account,medium,in_progress,Marta S.,
189,2026-01-19T14:21,software,critical,resolved,Marta S.,2.0
190,2026-03-26T15:48,software,low,in_progress,Marta S.,
191,2026-01-05T08:09,printer,medium,in_progress,Anna K.,
192,2026-02-12T08:15,network,medium,resolved,Ola N.,26.1
193,2026-03-31T11:40,printer,high,resolved,Tomasz B.,12.2
194,2026-03-05T12:11,software,low,resolved,Piotr W.,4.1
195,2026-04-01T22:35,account,low,resolved,Marta S.,35.8
196,2026-02-16T01:50,account,high,resolved,Anna K.,9.4
197,2026-03-02T05:34,network,low,resolved,Anna K.,43.2
198,2026-03-27T08:08,account,medium,open,Tomasz B.,
199,2026-05-22T16:20,hardware,high,resolved,Tomasz B.,3.9
200,2026-04-27T09:55,software,medium,resolved,Ola N.,3.3
201,2026-03-20T10:28,hardware,high,resolved,Marta S.,8.8
202,2026-06-16T11:51,account,medium,resolved,Piotr W.,15.9
203,2026-04-08T09:05,network,medium,resolved,Tomasz B.,30.0
204,2026-05-05T10:02,software,low,resolved,Tomasz B.,39.6
205,2026-02-19T21:03,account,high,open,Ola N.,
206,2026-01-29T03:54,software,medium,resolved,Marta S.,20.7
207,2026-04-27T10:36,account,high,resolved,Anna K.,2.9
208,2026-03-09T14:36,account,low,in_progress,Tomasz B.,
209,2026-01-21T14:31,printer,medium,resolved,Marta S.,8.1
210,2026-03-23T23:18,software,high,resolved,Anna K.,3.1
211,2026-03-23T16:28,hardware,critical,resolved,Piotr W.,5.2
212,2026-04-09T09:19,software,high,resolved,Marta S.,7.9
213,2026-01-22T08:08,account,medium,resolved,Piotr W.,16.2
214,2026-05-25T12:39,hardware,medium,resolved,Marta S.,11.1
215,2026-05-11T11:49,network,low,open,Tomasz B.,
216,2026-04-27T10:43,printer,medium,open,Piotr W.,
217,2026-06-23T10:58,software,low,resolved,Ola N.,18.0
218,2026-02-27T14:22,hardware,high,resolved,Ola N.,3.1
219,2026-04-24T12:08,software,medium,resolved,Marta S.,8.1
220,2026-06-18T08:42,software,medium,resolved,Anna K.,5.4
221,2026-05-28T03:02,hardware,high,resolved,Marta S.,6.5
222,2026-03-17T13:31,hardware,high,resolved,Marta S.,8.5
223,2026-05-04T09:04,software,medium,resolved,Marta S.,22.1
224,2026-04-20T09:45,network,low,resolved,Tomasz B.,21.4
225,2026-01-26T10:35,account,critical,open,Marta S.,
226,2026-01-19T09:24,software,low,resolved,Anna K.,16.7
227,2026-05-11T08:10,printer,medium,resolved,Piotr W.,28.1
228,2026-01-17T10:29,hardware,medium,resolved,Tomasz B.,19.1
229,2026-04-18T15:43,printer,low,resolved,Marta S.,20.8
230,2026-05-12T14:23,account,medium,resolved,Anna K.,21.4
231,2026-01-14T11:48,printer,low,resolved,Ola N.,45.8
232,2026-06-24T10:50,hardware,high,resolved,Ola N.,2.5
233,2026-04-02T11:02,account,medium,resolved,Marta S.,6.8
234,2026-06-10T08:59,software,medium,resolved,Tomasz B.,7.4
235,2026-03-02T15:34,printer,low,resolved,Ola N.,26.8
236,2026-05-01T21:37,network,medium,resolved,Tomasz B.,14.8
237,2026-04-28T20:37,software,high,resolved,Anna K.,3.1
238,2026-05-11T14:24,account,medium,resolved,Ola N.,18.3
239,2026-02-04T10:26,account,medium,resolved,Anna K.,17.3
240,2026-03-26T15:46,account,medium,resolved,Tomasz B.,22.9
241,2026-03-27T10:11,printer,low,resolved,Piotr W.,71.9
242,2026-05-11T13:44,network,medium,resolved,Ola N.,26.0
243,2026-06-18T21:49,network,medium,resolved,Piotr W.,10.4
244,2026-06-17T15:17,network,low,resolved,Tomasz B.,33.3
245,2026-05-27T18:51,account,medium,resolved,Ola N.,32.4
246,2026-02-16T11:12,software,low,resolved,Anna K.,27.3
247,2026-04-21T12:15,account,low,resolved,Ola N.,14.7
248,2026-03-16T14:06,software,high,resolved,Piotr W.,1.6
249,2026-01-29T13:56,hardware,low,open,Ola N.,
250,2026-02-22T06:49,account,medium,resolved,Piotr W.,10.0
251,2026-01-07T17:26,hardware,medium,resolved,Ola N.,28.4
252,2026-03-13T11:59,software,low,open,Anna K.,
253,2026-04-13T07:21,network,high,resolved,Marta S.,1.0
254,2026-01-26T11:17,account,critical,resolved,Ola N.,5.9
255,2026-05-11T01:21,software,low,resolved,Piotr W.,48.1
256,2026-06-10T15:32,network,medium,resolved,Piotr W.,26.0
257,2026-02-27T09:16,network,medium,resolved,Anna K.,4.7
258,2026-02-24T14:00,network,medium,in_progress,Marta S.,
259,2026-02-25T10:32,hardware,medium,resolved,Piotr W.,5.3
260,2026-06-18T10:14,account,high,resolved,Marta S.,7.2
261,2026-03-09T14:58,printer,low,resolved,Piotr W.,71.2
262,2026-04-17T14:33,network,medium,resolved,Piotr W.,21.0
263,2026-01-21T15:57,printer,medium,in_progress,Anna K.,
264,2026-03-22T13:45,software,medium,resolved,Piotr W.,25.9
265,2026-01-26T10:36,account,low,resolved,Ola N.,8.6
266,2026-05-27T14:37,account,medium,resolved,Marta S.,11.8
267,2026-06-10T22:30,account,medium,resolved,Anna K.,2.9
268,2026-04-27T10:57,network,medium,resolved,Piotr W.,29.4
269,2026-04-29T11:41,software,high,resolved,Tomasz B.,10.2
270,2026-06-25T15:48,account,low,resolved,Ola N.,13.9
271,2026-02-11T11:09,network,low,resolved,Ola N.,32.8
272,2026-04-21T17:56,account,high,resolved,Anna K.,6.6
273,2026-05-01T16:15,software,low,resolved,Anna K.,27.5
274,2026-05-20T08:18,account,medium,resolved,Piotr W.,23.1
275,2026-05-01T09:19,hardware,high,resolved,Ola N.,8.3
276,2026-01-12T18:56,software,critical,resolved,Ola N.,2.4
277,2026-03-04T13:24,software,low,resolved,Tomasz B.,8.6
278,2026-02-03T11:15,software,low,resolved,Tomasz B.,29.3
279,2026-04-13T20:35,printer,low,resolved,Piotr W.,66.2
280,2026-06-16T15:05,printer,medium,resolved,Marta S.,18.1
281,2026-04-20T16:12,software,high,resolved,Anna K.,6.7
282,2026-06-12T09:58,account,medium,resolved,Ola N.,8.6
283,2026-06-15T13:45,account,high,resolved,Anna K.,7.4
284,2026-03-25T13:19,network,high,resolved,Ola N.,4.5
285,2026-05-11T14:20,hardware,medium,resolved,Tomasz B.,29.4
286,2026-05-13T01:35,hardware,medium,resolved,Tomasz B.,31.4
287,2026-02-11T12:15,printer,medium,resolved,Tomasz B.,9.0
288,2026-06-23T13:31,printer,medium,resolved,Marta S.,22.5
289,2026-03-30T17:34,hardware,medium,resolved,Marta S.,20.0
290,2026-06-19T13:48,account,critical,resolved,Ola N.,5.7
291,2026-02-09T11:03,software,low,resolved,Piotr W.,14.3
292,2026-04-29T01:34,printer,medium,in_progress,Ola N.,
293,2026-02-23T11:44,software,low,resolved,Ola N.,44.5
294,2026-01-27T08:33,network,high,resolved,Piotr W.,2.1
295,2026-03-24T09:44,account,medium,resolved,Tomasz B.,34.6
296,2026-05-18T07:24,network,medium,resolved,Anna K.,20.8
297,2026-06-02T13:21,printer,medium,resolved,Anna K.,3.5
298,2026-02-11T16:44,hardware,high,resolved,Anna K.,8.9
299,2026-05-04T09:34,printer,medium,in_progress,Anna K.,
300,2026-01-27T15:52,network,low,resolved,Marta S.,16.3
301,2026-06-02T13:34,network,low,resolved,Piotr W.,42.5
302,2026-01-15T14:22,account,high,resolved,Piotr W.,8.6
303,2026-06-22T10:49,network,medium,resolved,Anna K.,18.8
304,2026-06-18T10:43,software,medium,resolved,Tomasz B.,14.4
305,2026-01-14T09:24,software,medium,resolved,Ola N.,9.8
306,2026-01-01T09:23,software,medium,resolved,Tomasz B.,6.0
307,2026-04-10T10:01,account,low,resolved,Anna K.,27.6
308,2026-03-11T09:24,software,medium,resolved,Ola N.,12.2
309,2026-06-25T12:10,software,medium,in_progress,Ola N.,
310,2026-01-13T10:26,network,low,resolved,Marta S.,33.8
311,2026-04-23T12:12,printer,high,resolved,Marta S.,3.3
312,2026-03-02T13:51,software,low,in_progress,Anna K.,
313,2026-06-24T08:20,software,medium,resolved,Tomasz B.,31.3
314,2026-06-23T09:44,software,medium,resolved,Tomasz B.,34.8
315,2026-05-21T10:59,printer,critical,resolved,Piotr W.,2.0
316,2026-01-06T14:45,account,medium,resolved,Ola N.,25.8
317,2026-03-16T11:40,network,high,resolved,Anna K.,7.8
318,2026-01-14T22:30,software,low,resolved,Piotr W.,57.7
319,2026-03-06T16:34,software,medium,resolved,Tomasz B.,29.0
320,2026-03-05T13:02,printer,high,resolved,Anna K.,6.6
321,2026-03-02T15:06,account,medium,open,Tomasz B.,
322,2026-05-04T08:23,network,low,resolved,Ola N.,46.1
323,2026-06-29T11:18,network,high,resolved,Ola N.,2.9
324,2026-03-04T09:50,account,critical,resolved,Anna K.,3.6
325,2026-03-23T06:02,software,medium,resolved,Tomasz B.,26.7
326,2026-01-30T22:15,printer,low,resolved,Marta S.,45.0
327,2026-02-11T10:11,account,medium,resolved,Marta S.,26.0
328,2026-02-05T12:24,account,medium,resolved,Tomasz B.,23.0
329,2026-01-12T07:55,printer,low,resolved,Marta S.,53.1
330,2026-06-04T11:40,network,medium,resolved,Piotr W.,9.3
331,2026-06-02T13:52,software,medium,resolved,Tomasz B.,14.1
332,2026-02-26T09:07,account,high,resolved,Ola N.,9.2
333,2026-04-14T10:31,software,medium,resolved,Ola N.,20.6
334,2026-01-26T09:28,software,medium,resolved,Piotr W.,15.7
335,2026-03-11T12:41,printer,high,resolved,Anna K.,2.5
336,2026-01-30T12:50,software,medium,resolved,Tomasz B.,17.3
337,2026-05-21T12:49,software,low,resolved,Marta S.,21.3
338,2026-04-08T22:34,software,medium,resolved,Anna K.,7.6
339,2026-01-20T15:48,account,low,resolved,Tomasz B.,85.6
340,2026-05-27T10:07,software,high,resolved,Anna K.,3.9
341,2026-04-21T10:39,account,low,resolved,Ola N.,68.8
342,2026-04-07T12:10,network,low,resolved,Piotr W.,42.8
343,2026-04-03T16:52,account,medium,resolved,Marta S.,25.8
344,2026-06-29T16:08,software,critical,in_progress,Tomasz B.,
345,2026-05-18T13:31,account,low,resolved,Piotr W.,60.3
346,2026-05-25T14:25,printer,medium,resolved,Tomasz B.,4.9
347,2026-04-15T16:54,software,low,resolved,Marta S.,33.5
348,2026-06-02T15:25,account,medium,resolved,Tomasz B.,25.8
349,2026-02-20T12:08,printer,medium,resolved,Piotr W.,11.0
350,2026-01-09T13:53,printer,medium,resolved,Marta S.,21.0
351,2026-06-22T08:44,hardware,low,resolved,Piotr W.,4.0
352,2026-02-19T13:16,account,high,resolved,Marta S.,10.1
353,2026-05-11T14:27,software,medium,resolved,Piotr W.,19.5
354,2026-04-17T11:28,account,medium,resolved,Anna K.,3.3
355,2026-03-17T08:04,account,medium,open,Anna K.,
356,2026-02-24T10:52,software,low,resolved,Anna K.,23.2
357,2026-04-21T08:22,software,low,resolved,Piotr W.,42.3
358,2026-04-21T10:13,account,medium,in_progress,Piotr W.,
359,2026-06-23T09:08,account,low,resolved,Anna K.,24.1
360,2026-04-20T14:44,account,medium,resolved,Piotr W.,18.8
361,2026-02-04T10:41,account,high,resolved,Marta S.,6.9
362,2026-03-31T12:33,hardware,high,resolved,Piotr W.,2.2
363,2026-01-26T16:36,network,low,in_progress,Marta S.,
364,2026-05-19T01:04,account,medium,resolved,Piotr W.,28.7
365,2026-03-13T09:45,printer,low,in_progress,Anna K.,
366,2026-04-21T09:19,account,medium,resolved,Tomasz B.,20.4
367,2026-04-24T15:43,software,high,resolved,Piotr W.,5.3
368,2026-01-12T07:27,account,low,resolved,Tomasz B.,73.9
369,2026-05-13T08:45,account,medium,resolved,Anna K.,18.2
370,2026-04-06T14:46,network,low,in_progress,Tomasz B.,
371,2026-06-11T09:27,network,medium,resolved,Marta S.,4.8
372,2026-04-02T06:54,printer,low,resolved,Ola N.,41.5
373,2026-05-01T08:47,printer,medium,resolved,Marta S.,24.3
374,2026-03-10T08:59,hardware,low,resolved,Anna K.,28.9
375,2026-06-15T09:52,account,low,resolved,Tomasz B.,25.1
376,2026-02-10T11:02,hardware,medium,resolved,Ola N.,3.8
377,2026-02-25T07:29,account,low,resolved,Tomasz B.,67.9
378,2026-02-13T10:31,hardware,low,resolved,Ola N.,59.7
379,2026-01-02T10:14,printer,high,resolved,Ola N.,4.1
380,2026-01-01T13:54,software,medium,in_progress,Anna K.,
381,2026-03-30T06:09,software,low,resolved,Piotr W.,20.2
382,2026-05-06T10:47,account,low,resolved,Piotr W.,39.3
383,2026-04-17T06:42,hardware,low,resolved,Piotr W.,30.8
384,2026-03-12T15:20,network,low,resolved,Marta S.,60.3
385,2026-01-26T14:06,account,low,in_progress,Anna K.,
386,2026-03-06T14:28,network,low,resolved,Tomasz B.,14.7
387,2026-02-24T14:38,account,low,resolved,Anna K.,47.1
388,2026-06-23T10:03,software,high,resolved,Marta S.,7.9
389,2026-03-23T14:15,account,low,resolved,Piotr W.,31.5
390,2026-05-21T09:12,software,low,resolved,Piotr W.,8.2
391,2026-05-27T02:04,account,medium,resolved,Anna K.,7.4
392,2026-05-26T08:29,account,medium,resolved,Piotr W.,25.7
393,2026-01-06T13:11,network,high,resolved,Tomasz B.,6.4
394,2026-01-07T13:15,software,high,resolved,Marta S.,9.6
395,2026-03-10T10:41,hardware,medium,resolved,Ola N.,4.9
396,2026-05-21T10:34,software,medium,resolved,Ola N.,32.7
397,2026-02-02T09:14,account,low,resolved,Ola N.,33.5
398,2026-04-06T14:14,hardware,high,resolved,Marta S.,10.7
399,2026-06-15T06:14,software,low,resolved,Piotr W.,59.5
400,2026-06-02T08:37,network,critical,resolved,Tomasz B.,6.1
401,2026-01-06T14:36,printer,medium,in_progress,Marta S.,
402,2026-06-24T12:11,printer,medium,resolved,Piotr W.,24.7
403,2026-03-27T09:39,account,low,resolved,Piotr W.,5.4
404,2026-06-02T09:01,account,low,in_progress,Piotr W.,
405,2026-06-04T19:23,software,medium,resolved,Piotr W.,25.7
406,2026-01-26T08:27,software,medium,resolved,Ola N.,11.5
407,2026-05-05T17:50,network,critical,resolved,Marta S.,5.2
408,2026-02-23T08:00,hardware,medium,resolved,Piotr W.,22.6
409,2026-04-13T08:20,hardware,high,resolved,Tomasz B.,11.4
410,2026-03-31T09:04,account,critical,resolved,Piotr W.,1.1
411,2026-05-28T13:46,hardware,critical,resolved,Piotr W.,5.8
412,2026-03-04T14:46,account,medium,resolved,Marta S.,19.3
413,2026-06-09T11:24,network,medium,open,Tomasz B.,
414,2026-05-18T09:28,account,medium,resolved,Tomasz B.,21.8
415,2026-01-20T09:56,network,high,resolved,Marta S.,3.5
416,2026-06-25T09:39,hardware,medium,in_progress,Ola N.,
417,2026-01-30T16:10,account,medium,in_progress,Tomasz B.,
418,2026-06-16T12:42,network,low,resolved,Piotr W.,41.7
419,2026-03-30T06:00,network,low,resolved,Anna K.,33.1
420,2026-02-07T13:05,printer,low,resolved,Ola N.,11.7
421,2026-02-17T13:24,account,low,resolved,Tomasz B.,77.8
422,2026-03-20T09:53,network,high,resolved,Marta S.,1.3
423,2026-04-08T20:37,account,low,resolved,Anna K.,21.9
424,2026-04-07T16:30,software,low,resolved,Tomasz B.,39.0
425,2026-05-09T11:57,printer,low,resolved,Marta S.,58.8
426,2026-03-23T18:10,hardware,medium,resolved,Ola N.,31.4
427,2026-05-04T08:52,software,high,resolved,Piotr W.,1.9
428,2026-05-26T07:35,network,high,resolved,Marta S.,8.1
429,2026-01-04T14:37,printer,low,resolved,Marta S.,59.7
430,2026-04-15T20:06,hardware,medium,resolved,Tomasz B.,21.4
431,2026-06-08T16:16,network,medium,resolved,Anna K.,21.0
432,2026-03-16T13:43,software,medium,resolved,Ola N.,7.5
433,2026-03-27T09:23,account,low,resolved,Marta S.,6.6
434,2026-06-03T13:55,account,high,resolved,Marta S.,9.2
435,2026-05-12T12:05,account,low,resolved,Tomasz B.,31.0
436,2026-06-05T15:32,software,low,resolved,Tomasz B.,66.8
437,2026-04-06T12:11,account,low,resolved,Ola N.,62.8
438,2026-06-15T14:17,network,high,resolved,Anna K.,4.8
439,2026-01-06T10:38,network,medium,resolved,Tomasz B.,6.6
440,2026-01-30T16:47,software,critical,resolved,Tomasz B.,2.9
441,2026-04-14T20:54,account,low,resolved,Anna K.,12.1
442,2026-01-05T14:49,software,low,resolved,Piotr W.,31.8
443,2026-01-02T09:51,hardware,medium,resolved,Piotr W.,18.8
444,2026-03-04T09:29,network,medium,resolved,Marta S.,11.3
445,2026-04-02T13:53,software,medium,resolved,Ola N.,5.4
446,2026-01-20T06:17,software,medium,resolved,Ola N.,11.4
447,2026-04-28T08:33,software,high,resolved,Marta S.,10.3
448,2026-01-26T02:31,hardware,high,resolved,Ola N.,5.0
449,2026-04-15T23:52,account,low,resolved,Tomasz B.,64.9
450,2026-03-27T18:22,printer,medium,resolved,Piotr W.,19.9
451,2026-01-23T09:51,printer,high,resolved,Ola N.,2.3
452,2026-02-10T16:26,software,high,resolved,Marta S.,3.1
453,2026-01-22T06:40,software,low,resolved,Marta S.,32.0
454,2026-01-22T13:33,network,high,resolved,Anna K.,2.5
455,2026-03-16T12:58,hardware,low,resolved,Piotr W.,17.6
456,2026-04-24T08:40,account,low,resolved,Piotr W.,37.2
457,2026-05-18T11:48,software,medium,resolved,Piotr W.,6.7
458,2026-06-23T10:02,printer,low,resolved,Tomasz B.,37.7
459,2026-04-06T02:00,software,medium,resolved,Anna K.,18.6
460,2026-04-01T09:04,software,low,resolved,Marta S.,9.9
461,2026-04-06T10:43,hardware,low,resolved,Marta S.,35.4
462,2026-06-19T17:25,account,low,resolved,Tomasz B.,20.2
463,2026-04-01T08:45,software,low,resolved,Piotr W.,5.5
464,2026-04-17T05:06,software,low,resolved,Marta S.,41.7
465,2026-04-09T11:09,account,low,resolved,Anna K.,23.9
466,2026-04-29T09:38,software,medium,resolved,Anna K.,16.4
467,2026-02-20T14:31,account,medium,resolved,Anna K.,15.4
468,2026-03-06T10:10,account,low,resolved,Marta S.,63.2
469,2026-02-12T01:05,hardware,medium,resolved,Piotr W.,15.5
470,2026-04-02T14:06,hardware,high,resolved,Tomasz B.,2.4
471,2026-02-23T11:06,software,medium,open,Tomasz B.,
472,2026-03-18T08:54,software,high,resolved,Marta S.,7.6
473,2026-03-05T10:39,network,low,resolved,Piotr W.,15.6
474,2026-03-13T19:17,software,medium,resolved,Marta S.,6.4
475,2026-05-25T07:44,software,medium,resolved,Tomasz B.,24.2
476,2026-03-30T12:28,account,critical,resolved,Piotr W.,5.5
477,2026-06-08T14:57,account,medium,resolved,Marta S.,23.5
478,2026-01-13T13:00,software,high,resolved,Anna K.,4.7
479,2026-06-22T16:33,printer,medium,resolved,Ola N.,9.1
480,2026-03-30T13:41,network,medium,resolved,Anna K.,17.9
481,2026-01-02T17:32,software,high,resolved,Ola N.,8.5
482,2026-02-13T20:03,printer,high,resolved,Piotr W.,6.4
483,2026-03-24T15:28,account,medium,resolved,Tomasz B.,10.3
484,2026-04-28T07:26,account,medium,resolved,Marta S.,14.3
485,2026-04-27T16:35,account,medium,resolved,Anna K.,23.2
486,2026-02-10T11:35,software,medium,resolved,Marta S.,3.2
487,2026-05-18T09:21,network,medium,resolved,Marta S.,4.7
488,2026-01-20T16:31,account,medium,resolved,Marta S.,11.2
489,2026-02-03T17:25,account,medium,resolved,Tomasz B.,22.9
490,2026-03-16T17:53,software,high,resolved,Piotr W.,2.2
491,2026-04-01T19:00,printer,low,resolved,Tomasz B.,52.9
492,2026-04-02T17:11,software,low,resolved,Tomasz B.,44.2
493,2026-04-20T09:56,network,low,resolved,Piotr W.,48.7
494,2026-06-24T11:08,account,critical,resolved,Piotr W.,5.8
495,2026-06-04T14:59,printer,medium,resolved,Ola N.,23.8
496,2026-03-04T13:45,software,low,resolved,Piotr W.,23.8
497,2026-05-08T14:35,printer,critical,resolved,Ola N.,4.4
498,2026-04-07T16:27,software,medium,resolved,Tomasz B.,32.4
499,2026-01-12T09:50,account,medium,resolved,Anna K.,2.8
500,2026-05-21T08:34,account,low,resolved,Marta S.,7.4
501,2026-04-13T09:41,printer,high,resolved,Anna K.,6.7
502,2026-03-10T10:50,hardware,low,resolved,Marta S.,6.5
503,2026-02-06T16:55,hardware,low,resolved,Ola N.,60.0
504,2026-04-20T14:12,network,high,resolved,Marta S.,6.3
505,2026-04-03T10:27,network,low,resolved,Anna K.,12.7
506,2026-03-02T14:09,account,low,resolved,Piotr W.,21.3
507,2026-04-21T13:31,software,high,resolved,Ola N.,12.4
508,2026-02-10T08:04,software,medium,resolved,Anna K.,8.7
509,2026-02-10T08:21,network,low,resolved,Ola N.,11.3
510,2026-05-28T21:00,account,low,resolved,Ola N.,78.9
511,2026-04-21T13:02,software,low,in_progress,Piotr W.,
512,2026-02-20T16:52,software,low,resolved,Anna K.,32.6
513,2026-06-11T08:32,account,medium,resolved,Ola N.,3.6
514,2026-02-09T13:13,software,low,resolved,Ola N.,51.3
515,2026-06-08T14:27,software,medium,resolved,Anna K.,20.2
516,2026-01-07T07:11,software,high,resolved,Piotr W.,8.9
517,2026-03-16T10:25,network,medium,resolved,Ola N.,30.3
518,2026-04-22T14:37,account,low,resolved,Anna K.,38.1
519,2026-01-20T14:19,software,high,in_progress,Marta S.,
520,2026-01-06T08:14,account,low,resolved,Tomasz B.,71.9
521,2026-02-24T16:50,software,medium,resolved,Ola N.,21.7
522,2026-01-22T00:38,network,medium,resolved,Anna K.,14.0
523,2026-06-11T09:26,hardware,medium,resolved,Anna K.,18.4
524,2026-06-01T08:11,software,high,resolved,Piotr W.,3.4
525,2026-06-29T11:35,account,medium,resolved,Anna K.,22.5
526,2026-03-30T09:08,software,medium,resolved,Marta S.,20.1
527,2026-02-26T10:39,software,low,resolved,Marta S.,58.7
528,2026-02-26T10:00,network,medium,resolved,Piotr W.,12.2
529,2026-05-04T09:30,printer,high,resolved,Tomasz B.,5.9
530,2026-04-27T07:17,software,medium,resolved,Marta S.,4.5
531,2026-04-23T14:57,account,low,resolved,Ola N.,59.3
532,2026-05-19T08:02,printer,medium,resolved,Anna K.,14.6
533,2026-03-09T09:49,software,medium,resolved,Ola N.,26.1
534,2026-03-13T11:42,account,high,resolved,Piotr W.,6.6
535,2026-01-26T08:36,hardware,critical,resolved,Ola N.,5.1
536,2026-03-06T08:31,account,medium,resolved,Piotr W.,15.5
537,2026-06-12T10:30,hardware,low,resolved,Piotr W.,18.1
538,2026-02-28T14:33,software,high,open,Anna K.,
539,2026-03-10T10:37,software,low,resolved,Marta S.,38.5
540,2026-02-10T10:52,software,high,resolved,Ola N.,12.9
541,2026-06-08T10:14,account,medium,resolved,Tomasz B.,2.6
542,2026-04-20T15:42,account,medium,resolved,Piotr W.,6.4
543,2026-02-09T08:53,network,high,resolved,Anna K.,5.0
544,2026-04-23T04:36,account,low,resolved,Piotr W.,15.0
545,2026-06-24T13:56,software,low,resolved,Piotr W.,31.6
546,2026-02-09T12:30,software,medium,in_progress,Marta S.,
547,2026-05-28T08:42,printer,low,resolved,Tomasz B.,69.6
548,2026-04-17T06:24,network,low,in_progress,Marta S.,
549,2026-05-04T15:38,account,low,resolved,Piotr W.,65.8
550,2026-04-06T14:05,printer,medium,resolved,Ola N.,29.2
551,2026-06-18T13:27,printer,low,resolved,Ola N.,4.5
552,2026-06-18T11:49,network,medium,resolved,Anna K.,11.2
553,2026-03-27T09:54,account,medium,resolved,Ola N.,6.3
554,2026-05-08T15:36,printer,medium,resolved,Ola N.,8.0
555,2026-02-26T10:09,network,medium,resolved,Tomasz B.,25.5
556,2026-03-09T09:43,network,medium,resolved,Marta S.,12.5
557,2026-03-09T12:16,hardware,low,resolved,Ola N.,40.5
558,2026-04-29T14:28,software,medium,resolved,Tomasz B.,31.1
559,2026-03-03T12:44,software,high,resolved,Anna K.,4.3
560,2026-01-01T07:09,printer,low,open,Tomasz B.,
561,2026-01-15T04:24,hardware,medium,resolved,Anna K.,6.6
562,2026-01-12T14:11,software,medium,resolved,Ola N.,31.9
563,2026-04-03T08:50,software,medium,resolved,Piotr W.,28.1
564,2026-03-06T13:10,account,medium,resolved,Piotr W.,20.9
565,2026-04-16T11:47,software,low,resolved,Tomasz B.,37.0
566,2026-06-15T10:52,network,high,resolved,Ola N.,11.1
567,2026-01-01T08:32,account,medium,resolved,Piotr W.,13.3
568,2026-04-02T09:34,software,low,resolved,Marta S.,10.8
569,2026-04-13T14:48,network,medium,open,Tomasz B.,
570,2026-03-30T09:24,software,high,resolved,Tomasz B.,12.6
571,2026-03-05T11:44,software,critical,resolved,Piotr W.,2.8
572,2026-03-03T12:11,printer,low,resolved,Anna K.,43.9
573,2026-05-04T16:31,software,medium,resolved,Ola N.,31.4
574,2026-02-06T09:39,network,low,resolved,Piotr W.,18.1
575,2026-05-03T13:39,account,high,in_progress,Anna K.,
576,2026-02-26T16:56,hardware,high,resolved,Anna K.,4.1
577,2026-04-02T10:48,software,high,resolved,Tomasz B.,11.3
578,2026-04-01T10:43,software,low,resolved,Tomasz B.,48.9
579,2026-05-05T01:13,network,medium,resolved,Anna K.,11.9
580,2026-04-09T09:30,hardware,low,resolved,Marta S.,19.5
581,2026-05-06T10:54,network,low,resolved,Piotr W.,18.3
582,2026-02-11T07:17,software,medium,resolved,Ola N.,19.9
583,2026-05-13T11:00,account,medium,resolved,Tomasz B.,29.3
584,2026-03-30T09:54,printer,medium,resolved,Ola N.,11.9
585,2026-03-27T13:28,software,medium,resolved,Piotr W.,24.8
586,2026-02-16T02:07,network,low,resolved,Marta S.,60.6
587,2026-04-28T08:49,network,medium,resolved,Ola N.,19.9
588,2026-06-09T10:18,printer,low,resolved,Ola N.,59.5
589,2026-03-17T13:25,software,critical,resolved,Piotr W.,5.6
590,2026-04-28T14:38,software,low,resolved,Piotr W.,25.3
591,2026-05-15T11:28,network,low,resolved,Tomasz B.,81.4
592,2026-02-16T14:47,account,low,resolved,Anna K.,16.0
593,2026-03-26T06:49,network,low,resolved,Anna K.,54.2
594,2026-01-16T17:24,network,high,resolved,Anna K.,6.2
595,2026-04-06T08:02,software,low,resolved,Marta S.,11.3
596,2026-06-07T17:35,network,high,resolved,Marta S.,5.5
597,2026-04-24T13:36,network,critical,resolved,Ola N.,4.2
598,2026-04-08T15:28,network,medium,resolved,Ola N.,12.9
599,2026-05-27T15:22,network,medium,resolved,Piotr W.,2.0
600,2026-03-27T01:27,software,medium,in_progress,Tomasz B.,
601,2026-06-08T10:15,account,medium,resolved,Anna K.,5.8
602,2026-01-15T13:33,software,medium,resolved,Tomasz B.,9.8
603,2026-05-26T10:54,account,high,resolved,Marta S.,8.3
604,2026-02-18T13:12,network,low,resolved,Anna K.,36.8
605,2026-02-20T08:28,software,low,resolved,Ola N.,77.1
606,2026-03-17T14:31,hardware,low,resolved,Piotr W.,18.8
607,2026-06-22T06:49,network,medium,resolved,Anna K.,20.5
608,2026-05-27T15:07,hardware,medium,resolved,Piotr W.,25.6
609,2026-05-13T03:29,software,medium,resolved,Tomasz B.,17.3
610,2026-02-25T09:40,software,low,resolved,Piotr W.,50.3
611,2026-04-27T08:56,account,medium,resolved,Ola N.,10.0
612,2026-01-05T15:37,account,medium,resolved,Anna K.,11.3
613,2026-04-15T13:44,software,high,open,Anna K.,
614,2026-05-04T09:48,software,medium,resolved,Anna K.,12.8
615,2026-01-23T09:35,software,low,resolved,Piotr W.,57.8
616,2026-03-10T14:16,hardware,high,resolved,Tomasz B.,1.5
617,2026-03-30T12:34,network,medium,resolved,Tomasz B.,20.6
618,2026-06-04T08:33,account,medium,resolved,Marta S.,16.9
619,2026-05-20T11:46,account,low,resolved,Marta S.,31.4
620,2026-05-11T13:34,software,low,resolved,Marta S.,18.2
621,2026-02-20T10:20,account,low,resolved,Tomasz B.,17.4
622,2026-02-02T03:06,printer,medium,resolved,Anna K.,22.6
623,2026-03-30T13:37,network,low,resolved,Ola N.,33.5
624,2026-06-15T13:59,hardware,medium,resolved,Ola N.,2.6
625,2026-06-09T15:50,software,low,resolved,Anna K.,43.6
626,2026-06-01T07:13,hardware,high,resolved,Marta S.,8.2
627,2026-04-06T09:40,hardware,low,resolved,Piotr W.,16.9
628,2026-04-27T10:29,software,medium,resolved,Ola N.,5.4
629,2026-03-13T09:10,printer,medium,resolved,Anna K.,5.6
630,2026-04-09T23:54,network,medium,in_progress,Marta S.,
631,2026-02-13T12:24,software,high,resolved,Tomasz B.,5.5
632,2026-06-22T00:02,hardware,high,resolved,Marta S.,5.4
633,2026-01-02T22:13,software,medium,resolved,Ola N.,29.6
634,2026-04-02T12:36,account,low,in_progress,Marta S.,
635,2026-06-09T09:16,software,low,resolved,Marta S.,19.8
636,2026-01-14T09:30,account,low,resolved,Tomasz B.,22.5
637,2026-04-27T04:51,software,high,resolved,Ola N.,2.3
638,2026-03-02T16:27,network,low,in_progress,Anna K.,
639,2026-06-16T13:40,network,high,resolved,Piotr W.,10.3
640,2026-03-02T13:09,account,low,resolved,Anna K.,33.9
641,2026-05-15T12:05,account,medium,open,Tomasz B.,
642,2026-03-27T14:35,network,low,resolved,Tomasz B.,32.2
643,2026-05-18T11:12,printer,low,resolved,Ola N.,56.6
644,2026-04-06T09:17,software,medium,resolved,Piotr W.,29.9
645,2026-03-18T10:20,network,low,resolved,Ola N.,54.6
646,2026-05-28T15:39,account,medium,resolved,Marta S.,10.6
647,2026-05-18T15:07,software,low,resolved,Piotr W.,29.4
648,2026-06-05T15:00,network,low,in_progress,Ola N.,
649,2026-02-09T11:13,printer,high,resolved,Marta S.,1.1
650,2026-01-27T13:01,network,high,resolved,Ola N.,9.9
651,2026-02-20T15:39,network,high,resolved,Ola N.,3.2
652,2026-04-29T17:23,software,medium,resolved,Anna K.,16.4
653,2026-06-25T07:20,printer,low,resolved,Tomasz B.,35.9
654,2026-03-24T17:01,account,medium,resolved,Anna K.,12.8
655,2026-01-29T10:22,network,high,resolved,Marta S.,4.8
656,2026-02-16T10:52,hardware,low,resolved,Ola N.,9.0
657,2026-03-12T08:46,network,high,resolved,Marta S.,4.3
658,2026-03-17T12:27,hardware,critical,resolved,Ola N.,4.7
659,2026-04-28T12:43,software,high,resolved,Marta S.,2.2
660,2026-06-13T10:58,hardware,high,resolved,Marta S.,9.8
661,2026-02-26T12:46,account,low,in_progress,Ola N.,
662,2026-06-08T10:26,network,low,resolved,Piotr W.,56.0
663,2026-01-26T02:39,software,medium,resolved,Marta S.,6.5
664,2026-05-04T10:44,software,medium,resolved,Ola N.,9.4
665,2026-02-03T10:30,account,low,resolved,Ola N.,53.0
666,2026-06-16T18:14,software,low,resolved,Anna K.,55.9
667,2026-06-26T16:31,software,critical,resolved,Piotr W.,5.6
668,2026-04-20T15:46,network,high,resolved,Piotr W.,9.5
669,2026-06-08T14:33,account,medium,resolved,Ola N.,18.4
670,2026-04-07T22:02,printer,medium,resolved,Anna K.,7.1
671,2026-06-09T14:18,printer,medium,resolved,Anna K.,11.4
672,2026-05-05T16:29,software,medium,in_progress,Ola N.,
673,2026-06-18T13:08,network,medium,resolved,Ola N.,26.2
674,2026-05-08T08:29,account,low,resolved,Anna K.,35.3
675,2026-01-21T10:23,account,low,resolved,Piotr W.,12.4
676,2026-04-09T04:10,hardware,medium,resolved,Ola N.,7.1
677,2026-05-19T05:19,network,medium,resolved,Piotr W.,6.0
678,2026-06-11T19:00,software,high,resolved,Tomasz B.,3.6
679,2026-05-26T12:31,account,low,resolved,Tomasz B.,45.5
680,2026-04-20T00:56,printer,medium,resolved,Tomasz B.,17.2
681,2026-02-03T06:22,account,medium,resolved,Ola N.,8.6
682,2026-06-15T05:26,hardware,high,resolved,Ola N.,4.7
683,2026-04-17T14:11,hardware,low,resolved,Marta S.,45.9
684,2026-01-19T09:23,hardware,medium,in_progress,Marta S.,
685,2026-03-26T08:55,network,high,resolved,Tomasz B.,2.1
686,2026-01-12T12:40,printer,medium,resolved,Ola N.,8.6
687,2026-06-26T09:38,software,low,in_progress,Ola N.,
688,2026-03-05T08:36,printer,low,open,Ola N.,
689,2026-04-20T14:12,account,medium,resolved,Tomasz B.,8.4
690,2026-04-21T10:02,network,low,resolved,Anna K.,14.5
691,2026-02-20T15:19,network,medium,resolved,Piotr W.,7.6
692,2026-03-12T12:01,software,medium,resolved,Anna K.,9.1
693,2026-03-27T11:02,software,low,in_progress,Marta S.,
694,2026-03-02T14:26,hardware,medium,resolved,Tomasz B.,20.4
695,2026-02-26T11:13,software,low,resolved,Ola N.,58.6
696,2026-06-01T09:24,software,low,resolved,Marta S.,12.7
697,2026-01-21T14:19,software,high,resolved,Ola N.,3.4
698,2026-06-08T10:53,hardware,low,resolved,Anna K.,7.9
699,2026-01-07T08:05,network,low,resolved,Marta S.,26.5
700,2026-01-28T09:30,software,low,in_progress,Tomasz B.,
701,2026-05-28T17:43,hardware,medium,resolved,Marta S.,23.8
702,2026-04-06T00:59,account,low,resolved,Anna K.,42.0
703,2026-01-20T14:47,network,high,resolved,Anna K.,8.6
704,2026-02-05T09:34,network,medium,resolved,Marta S.,7.1
705,2026-01-21T19:35,printer,medium,resolved,Anna K.,5.1
706,2026-06-19T15:36,account,low,resolved,Marta S.,20.2
707,2026-01-09T03:57,software,low,resolved,Ola N.,44.8
708,2026-05-07T16:40,software,low,resolved,Anna K.,24.5
709,2026-02-05T14:51,printer,medium,resolved,Ola N.,12.4
710,2026-05-25T13:06,printer,critical,resolved,Tomasz B.,1.2
711,2026-01-27T16:16,hardware,medium,resolved,Tomasz B.,34.2
712,2026-03-23T03:30,account,medium,resolved,Marta S.,24.0
713,2026-04-14T11:25,software,medium,resolved,Piotr W.,11.8
714,2026-02-24T11:37,network,high,resolved,Marta S.,1.6
715,2026-01-13T08:44,software,medium,resolved,Ola N.,17.1
716,2026-05-05T08:42,account,high,resolved,Tomasz B.,5.7
717,2026-04-17T09:06,software,high,resolved,Ola N.,2.5
718,2026-05-27T14:24,network,low,resolved,Tomasz B.,13.7
719,2026-06-09T16:40,software,medium,resolved,Anna K.,19.9
720,2026-04-21T10:13,software,high,resolved,Piotr W.,4.2
721,2026-06-15T17:45,hardware,low,resolved,Ola N.,55.2
722,2026-04-02T15:54,network,low,resolved,Anna K.,36.5
723,2026-01-01T12:22,account,medium,open,Ola N.,
724,2026-03-12T09:24,network,low,resolved,Anna K.,41.4
725,2026-02-04T10:59,network,medium,resolved,Piotr W.,15.3
726,2026-05-01T08:04,software,medium,open,Marta S.,
727,2026-01-26T08:51,network,low,resolved,Tomasz B.,84.4
728,2026-04-22T11:27,printer,medium,in_progress,Ola N.,
729,2026-01-02T11:46,account,medium,resolved,Marta S.,12.5
730,2026-04-14T03:02,printer,medium,in_progress,Tomasz B.,
731,2026-01-15T14:33,hardware,medium,resolved,Anna K.,23.1
732,2026-06-09T07:30,software,critical,resolved,Marta S.,0.8
733,2026-04-15T13:57,network,medium,resolved,Anna K.,13.7
734,2026-04-14T09:22,hardware,high,resolved,Tomasz B.,13.2
735,2026-04-19T09:50,printer,high,resolved,Marta S.,7.8
736,2026-04-28T09:47,software,low,resolved,Tomasz B.,51.5
737,2026-05-21T09:39,network,low,resolved,Anna K.,7.4
738,2026-06-14T14:42,network,high,resolved,Anna K.,6.1
739,2026-02-03T11:02,network,high,resolved,Marta S.,3.2
740,2026-06-01T14:26,software,low,resolved,Piotr W.,59.9
741,2026-04-14T15:03,software,low,resolved,Tomasz B.,18.5
742,2026-03-27T11:48,hardware,high,resolved,Anna K.,4.9
743,2026-06-05T01:59,software,low,resolved,Tomasz B.,16.6
744,2026-05-04T04:58,printer,medium,open,Marta S.,
745,2026-02-18T09:51,account,medium,resolved,Tomasz B.,24.3
746,2026-02-13T13:49,account,medium,resolved,Tomasz B.,25.1
747,2026-01-02T06:26,account,low,resolved,Piotr W.,4.7
748,2026-02-16T03:39,account,low,resolved,Tomasz B.,64.0
749,2026-04-27T14:07,account,high,in_progress,Piotr W.,
750,2026-04-13T20:57,account,medium,resolved,Tomasz B.,32.6
751,2026-04-27T17:17,software,low,resolved,Marta S.,60.9
752,2026-02-19T06:24,network,medium,resolved,Marta S.,21.5
753,2026-06-25T08:25,account,low,resolved,Marta S.,7.8
754,2026-04-21T07:28,software,medium,resolved,Piotr W.,14.1
755,2026-05-20T02:31,account,low,resolved,Anna K.,42.8
756,2026-05-06T16:36,account,medium,resolved,Anna K.,7.6
757,2026-05-12T15:04,printer,medium,resolved,Tomasz B.,16.0
758,2026-06-29T09:19,network,low,resolved,Tomasz B.,48.5
759,2026-03-03T15:48,software,medium,resolved,Anna K.,20.7
760,2026-04-29T09:24,hardware,medium,resolved,Piotr W.,29.1
761,2026-03-20T08:02,account,medium,resolved,Marta S.,24.1
762,2026-05-23T13:31,printer,medium,resolved,Ola N.,14.2
763,2026-01-05T09:21,software,high,open,Tomasz B.,
764,2026-04-06T18:55,hardware,low,resolved,Anna K.,38.8
765,2026-05-13T11:01,printer,low,resolved,Ola N.,9.8
766,2026-01-05T13:57,network,high,resolved,Anna K.,6.5
767,2026-01-13T15:07,printer,high,resolved,Tomasz B.,12.2
768,2026-03-03T15:47,software,high,resolved,Piotr W.,3.2
769,2026-06-23T08:02,software,low,resolved,Ola N.,28.5
770,2026-01-31T10:10,network,low,resolved,Anna K.,44.4
771,2026-04-24T10:10,account,high,resolved,Anna K.,7.8
772,2026-05-07T12:18,network,medium,resolved,Anna K.,22.3
773,2026-04-27T11:26,account,high,resolved,Tomasz B.,3.9
774,2026-04-21T07:52,software,low,resolved,Anna K.,42.2
775,2026-06-26T21:39,network,low,resolved,Anna K.,13.6
776,2026-04-23T08:03,account,high,resolved,Ola N.,6.7
777,2026-06-16T06:23,network,high,resolved,Tomasz B.,3.3
778,2026-03-23T07:03,hardware,medium,resolved,Marta S.,24.2
779,2026-06-10T14:37,software,low,resolved,Anna K.,9.5
780,2026-02-11T09:26,software,medium,resolved,Marta S.,4.6
781,2026-01-12T10:13,hardware,medium,resolved,Piotr W.,18.4
782,2026-02-04T10:17,account,medium,resolved,Tomasz B.,17.8
783,2026-06-02T11:10,software,low,resolved,Ola N.,14.6
784,2026-04-27T13:10,software,low,resolved,Marta S.,51.9
785,2026-03-30T23:37,printer,medium,resolved,Piotr W.,26.0
786,2026-02-15T09:37,account,medium,resolved,Anna K.,18.1
787,2026-06-11T10:02,account,high,in_progress,Piotr W.,
788,2026-03-27T15:52,account,medium,resolved,Ola N.,18.6
789,2026-05-12T18:08,network,medium,resolved,Anna K.,1.9
790,2026-01-29T11:36,software,low,resolved,Anna K.,39.6
791,2026-05-07T08:55,network,low,resolved,Tomasz B.,16.1
792,2026-06-10T09:02,network,medium,resolved,Anna K.,3.2
793,2026-05-22T07:56,network,high,resolved,Ola N.,10.7
794,2026-05-01T16:07,network,high,in_progress,Ola N.,
795,2026-04-12T06:45,software,medium,resolved,Anna K.,5.5
796,2026-03-27T18:37,hardware,low,resolved,Marta S.,10.5
797,2026-04-01T10:03,account,medium,resolved,Piotr W.,27.1
798,2026-03-26T11:52,printer,low,resolved,Tomasz B.,72.5
799,2026-05-05T21:56,account,low,resolved,Ola N.,54.8
800,2026-02-02T19:04,account,high,resolved,Tomasz B.,6.4
801,2026-04-06T13:18,network,low,resolved,Piotr W.,63.5
802,2026-05-13T02:12,account,medium,resolved,Piotr W.,13.8
803,2026-03-02T12:41,software,high,resolved,Piotr W.,6.7
804,2026-04-09T11:36,account,low,resolved,Ola N.,44.1
805,2026-03-09T09:54,account,high,resolved,Piotr W.,3.5
806,2026-04-22T08:34,network,medium,in_progress,Tomasz B.,
807,2026-06-29T12:28,network,critical,resolved,Piotr W.,1.1
808,2026-06-25T08:28,printer,low,resolved,Ola N.,54.2
809,2026-06-17T14:29,hardware,low,resolved,Marta S.,5.1
810,2026-03-02T14:30,hardware,low,open,Ola N.,
811,2026-05-12T17:21,software,critical,resolved,Ola N.,5.4
812,2026-02-25T10:53,account,medium,resolved,Anna K.,13.9
813,2026-04-15T09:59,software,medium,resolved,Marta S.,18.0
814,2026-05-01T07:32,network,low,resolved,Anna K.,27.4
815,2026-06-12T10:09,software,medium,resolved,Ola N.,31.3
816,2026-03-05T21:55,printer,medium,resolved,Tomasz B.,12.0
817,2026-03-23T08:46,hardware,low,resolved,Tomasz B.,38.7
818,2026-01-16T08:30,hardware,medium,resolved,Tomasz B.,22.1
819,2026-05-18T07:26,software,medium,resolved,Marta S.,26.0
820,2026-05-18T08:11,software,low,resolved,Piotr W.,52.3
821,2026-06-01T09:35,software,low,resolved,Tomasz B.,72.2
822,2026-04-27T13:07,software,low,resolved,Anna K.,19.5
823,2026-04-27T03:48,network,high,resolved,Tomasz B.,13.2
824,2026-03-29T10:16,software,critical,resolved,Anna K.,2.0
825,2026-01-05T09:37,account,medium,resolved,Anna K.,18.0
826,2026-03-06T13:22,account,low,resolved,Piotr W.,7.6
827,2026-02-03T07:48,account,low,resolved,Anna K.,44.9
828,2026-02-24T13:44,network,low,resolved,Marta S.,45.5
829,2026-04-03T10:31,network,medium,resolved,Marta S.,2.1
830,2026-02-10T08:57,printer,high,resolved,Piotr W.,2.7
831,2026-05-06T15:26,printer,medium,resolved,Ola N.,24.1
832,2026-03-27T09:23,account,low,in_progress,Piotr W.,
833,2026-02-02T09:47,software,medium,resolved,Ola N.,32.1
834,2026-02-09T21:27,software,low,resolved,Piotr W.,24.9
835,2026-03-19T08:02,software,high,resolved,Anna K.,5.1
836,2026-01-08T09:00,software,medium,resolved,Anna K.,22.0
837,2026-02-03T10:05,account,high,resolved,Ola N.,12.0
838,2026-03-04T08:32,software,medium,in_progress,Marta S.,
839,2026-04-14T01:13,software,medium,resolved,Ola N.,5.3
840,2026-04-07T21:06,hardware,critical,in_progress,Piotr W.,
841,2026-03-20T19:11,software,high,resolved,Tomasz B.,9.0
842,2026-01-21T22:07,printer,critical,resolved,Tomasz B.,2.1
843,2026-04-10T04:20,printer,medium,resolved,Tomasz B.,26.1
844,2026-06-25T10:35,network,medium,resolved,Tomasz B.,12.9
845,2026-06-01T11:43,network,critical,resolved,Tomasz B.,1.1
846,2026-04-06T13:07,account,low,resolved,Tomasz B.,37.1
847,2026-05-13T16:10,account,medium,open,Ola N.,
848,2026-03-16T09:27,software,critical,resolved,Marta S.,4.6
849,2026-05-25T18:22,printer,low,resolved,Ola N.,61.0
850,2026-04-02T08:29,account,medium,open,Tomasz B.,
851,2026-01-06T14:53,account,low,resolved,Tomasz B.,81.7
852,2026-01-28T13:06,software,medium,resolved,Piotr W.,21.0
853,2026-02-06T13:31,printer,medium,resolved,Ola N.,26.6
854,2026-01-06T10:58,account,medium,resolved,Ola N.,31.5
855,2026-02-02T13:49,network,medium,resolved,Tomasz B.,3.6
856,2026-03-11T14:36,software,medium,resolved,Tomasz B.,12.9
857,2026-06-03T11:25,network,medium,resolved,Ola N.,16.9
858,2026-06-25T09:01,software,medium,resolved,Tomasz B.,14.3
859,2026-01-06T16:21,network,low,resolved,Marta S.,49.0
860,2026-02-13T09:19,software,medium,resolved,Marta S.,3.2
861,2026-02-02T11:02,printer,high,resolved,Anna K.,1.8
862,2026-01-05T11:01,hardware,high,resolved,Ola N.,6.2
863,2026-03-30T13:13,network,medium,resolved,Tomasz B.,5.7
864,2026-06-24T08:40,software,medium,resolved,Marta S.,9.3
865,2026-02-23T12:51,account,high,resolved,Ola N.,4.3
866,2026-04-17T09:36,software,medium,resolved,Anna K.,14.6
867,2026-05-28T11:19,network,medium,resolved,Piotr W.,4.1
868,2026-04-03T13:35,account,medium,resolved,Piotr W.,9.0
869,2026-02-09T19:47,hardware,low,resolved,Ola N.,47.5
870,2026-06-12T17:46,software,low,resolved,Ola N.,68.2
871,2026-05-14T14:54,network,medium,resolved,Marta S.,7.9
872,2026-02-18T09:10,network,low,resolved,Anna K.,49.2
873,2026-01-06T15:19,printer,medium,resolved,Tomasz B.,7.4
874,2026-02-06T09:01,network,medium,resolved,Tomasz B.,32.8
875,2026-06-23T11:01,account,high,resolved,Ola N.,11.4
876,2026-06-11T10:23,software,high,resolved,Marta S.,9.5
877,2026-05-11T08:07,software,high,in_progress,Tomasz B.,
878,2026-06-22T17:16,printer,medium,resolved,Anna K.,20.2
879,2026-03-02T12:24,software,low,resolved,Ola N.,64.7
880,2026-02-09T09:26,network,medium,resolved,Tomasz B.,6.0
881,2026-01-21T12:30,software,medium,resolved,Tomasz B.,25.9
882,2026-05-28T02:57,software,critical,resolved,Piotr W.,4.4
883,2026-02-12T12:19,software,high,resolved,Anna K.,7.7
884,2026-03-23T00:25,hardware,medium,resolved,Anna K.,6.9
885,2026-02-12T08:56,account,high,resolved,Marta S.,9.0
886,2026-03-16T03:55,account,medium,resolved,Marta S.,21.1
887,2026-06-01T14:56,hardware,high,resolved,Tomasz B.,6.7
888,2026-03-05T12:52,printer,low,resolved,Piotr W.,38.4
889,2026-02-03T10:41,account,low,resolved,Anna K.,38.1
890,2026-01-29T11:49,software,medium,resolved,Marta S.,3.9
891,2026-02-27T11:47,account,high,resolved,Ola N.,10.7
892,2026-02-05T10:11,network,low,resolved,Ola N.,64.2
893,2026-06-16T13:40,account,medium,resolved,Ola N.,31.4
894,2026-02-02T10:27,software,low,resolved,Tomasz B.,62.0
895,2026-01-05T11:49,hardware,low,resolved,Marta S.,38.3
896,2026-02-04T16:50,network,medium,resolved,Tomasz B.,26.4
897,2026-04-20T23:18,software,medium,resolved,Tomasz B.,31.2
898,2026-02-23T09:39,printer,low,resolved,Piotr W.,13.9
899,2026-01-02T08:20,hardware,low,resolved,Ola N.,38.7
900,2026-05-13T09:06,printer,medium,resolved,Piotr W.,21.8
901,2026-04-20T13:51,software,low,resolved,Piotr W.,28.1
902,2026-03-10T21:42,network,medium,resolved,Anna K.,12.9
903,2026-02-02T11:21,hardware,critical,resolved,Ola N.,1.6
904,2026-02-17T09:08,printer,low,resolved,Marta S.,30.1
905,2026-02-20T16:39,software,critical,resolved,Marta S.,5.0
906,2026-02-26T23:48,hardware,high,resolved,Ola N.,11.9
907,2026-02-11T04:16,account,medium,resolved,Tomasz B.,7.4
908,2026-06-16T04:22,hardware,medium,open,Anna K.,
909,2026-06-05T08:05,account,medium,resolved,Tomasz B.,30.8
910,2026-04-13T13:13,software,low,resolved,Piotr W.,59.9
911,2026-06-15T09:31,software,critical,resolved,Ola N.,1.6
912,2026-01-22T10:59,hardware,high,resolved,Anna K.,9.4
913,2026-05-07T11:40,hardware,high,resolved,Piotr W.,6.1
914,2026-04-22T11:46,hardware,medium,resolved,Anna K.,2.6
915,2026-05-25T09:51,account,high,resolved,Ola N.,11.5
916,2026-02-02T20:55,network,low,resolved,Ola N.,34.2
917,2026-02-21T14:41,account,low,resolved,Piotr W.,57.0
918,2026-06-11T12:22,software,low,resolved,Tomasz B.,80.0
919,2026-03-11T09:38,network,high,resolved,Ola N.,6.5
920,2026-03-18T04:21,hardware,high,resolved,Marta S.,5.2
921,2026-04-06T13:05,network,medium,in_progress,Piotr W.,
922,2026-05-04T09:15,printer,medium,resolved,Tomasz B.,35.5
923,2026-04-02T11:26,account,low,resolved,Anna K.,53.1
924,2026-04-16T14:01,account,medium,resolved,Ola N.,13.1
925,2026-01-08T10:45,network,medium,resolved,Piotr W.,25.6
926,2026-05-26T09:58,hardware,medium,resolved,Tomasz B.,17.5
927,2026-02-17T13:27,printer,low,resolved,Piotr W.,70.8
928,2026-03-24T10:42,hardware,low,resolved,Anna K.,38.9
929,2026-04-21T13:44,software,medium,resolved,Tomasz B.,29.7
930,2026-01-21T01:12,software,high,resolved,Anna K.,0.9
931,2026-04-23T15:12,account,low,resolved,Piotr W.,33.6
932,2026-01-30T08:44,network,high,resolved,Piotr W.,1.2
933,2026-02-05T12:53,network,medium,resolved,Anna K.,14.7
934,2026-06-25T15:47,software,low,resolved,Anna K.,42.0
935,2026-04-02T14:59,software,medium,resolved,Marta S.,11.9
936,2026-01-05T12:35,account,high,resolved,Tomasz B.,2.0
937,2026-04-22T13:28,software,high,resolved,Tomasz B.,2.7
938,2026-03-20T11:37,hardware,low,resolved,Marta S.,32.3
939,2026-03-26T16:46,software,low,resolved,Ola N.,57.9
940,2026-06-02T13:18,software,critical,resolved,Marta S.,4.4
941,2026-04-20T07:26,hardware,low,resolved,Tomasz B.,21.1
942,2026-01-05T16:22,software,medium,resolved,Piotr W.,3.3
943,2026-03-19T13:07,printer,low,resolved,Ola N.,9.2
944,2026-05-19T12:57,account,medium,resolved,Marta S.,21.2
945,2026-01-09T18:51,printer,medium,resolved,Ola N.,5.4
946,2026-05-21T12:54,hardware,high,open,Anna K.,
947,2026-01-22T08:23,account,high,resolved,Anna K.,2.3
948,2026-06-06T08:23,network,low,resolved,Tomasz B.,45.5
949,2026-05-19T09:51,printer,low,resolved,Piotr W.,32.3
950,2026-05-18T10:42,account,low,resolved,Piotr W.,29.3
951,2026-05-25T10:26,hardware,high,resolved,Ola N.,3.9
952,2026-01-06T08:00,software,critical,resolved,Ola N.,2.7
953,2026-06-25T08:03,network,medium,resolved,Anna K.,8.7
954,2026-01-12T13:45,software,low,in_progress,Piotr W.,
955,2026-05-06T16:46,software,high,resolved,Marta S.,9.7
956,2026-04-21T08:25,network,high,resolved,Anna K.,8.7
957,2026-03-23T10:51,software,low,resolved,Ola N.,50.6
958,2026-04-07T10:46,software,medium,resolved,Piotr W.,4.4
959,2026-04-09T11:48,software,low,resolved,Ola N.,11.3
960,2026-05-20T14:32,account,low,resolved,Ola N.,22.5
961,2026-01-23T14:07,network,low,resolved,Marta S.,34.7
962,2026-05-26T22:36,software,medium,resolved,Anna K.,23.6
963,2026-02-24T13:52,software,high,resolved,Ola N.,3.9
964,2026-03-02T12:52,software,medium,resolved,Tomasz B.,10.7
965,2026-01-15T06:56,account,medium,resolved,Piotr W.,25.2
966,2026-04-16T11:25,hardware,low,resolved,Anna K.,31.8
967,2026-05-05T18:46,hardware,medium,open,Tomasz B.,
968,2026-03-24T20:32,software,high,resolved,Piotr W.,6.3
969,2026-01-29T12:58,hardware,low,resolved,Piotr W.,6.2
970,2026-02-23T11:07,network,medium,resolved,Tomasz B.,14.8
971,2026-01-27T14:26,account,critical,resolved,Marta S.,0.6
972,2026-03-30T08:22,account,high,resolved,Marta S.,9.0
973,2026-06-11T14:30,software,low,resolved,Tomasz B.,51.0
974,2026-03-24T10:28,account,high,resolved,Piotr W.,6.6
975,2026-03-16T09:25,network,medium,resolved,Anna K.,16.5
976,2026-06-05T14:36,software,low,resolved,Tomasz B.,57.5
977,2026-04-13T08:39,printer,high,resolved,Marta S.,2.1
978,2026-04-01T02:42,hardware,high,resolved,Ola N.,10.2
979,2026-05-29T15:37,network,low,resolved,Anna K.,14.4
980,2026-03-30T17:21,network,high,resolved,Ola N.,8.2
981,2026-01-21T07:10,network,medium,resolved,Ola N.,10.1
982,2026-05-04T06:20,account,low,resolved,Anna K.,55.0
983,2026-03-16T09:24,hardware,medium,resolved,Marta S.,9.9
984,2026-04-16T11:48,printer,high,resolved,Anna K.,7.4
985,2026-03-16T11:26,software,high,resolved,Marta S.,5.5
986,2026-05-01T09:35,software,high,resolved,Anna K.,9.3
987,2026-04-24T08:09,network,low,resolved,Ola N.,10.7
988,2026-06-15T11:00,software,critical,resolved,Piotr W.,2.8
989,2026-01-01T17:30,network,critical,resolved,Ola N.,6.4
990,2026-06-01T08:53,printer,low,open,Tomasz B.,
991,2026-03-12T08:08,software,low,resolved,Ola N.,26.9
992,2026-05-25T16:21,software,critical,resolved,Tomasz B.,3.9
993,2026-02-27T08:38,network,critical,resolved,Tomasz B.,5.0
994,2026-03-27T16:43,account,high,resolved,Piotr W.,1.0
995,2026-05-22T13:04,printer,medium,resolved,Tomasz B.,20.5
996,2026-05-27T15:22,network,high,resolved,Tomasz B.,5.9
997,2026-02-04T01:47,account,high,resolved,Anna K.,4.1
998,2026-04-23T15:14,account,low,resolved,Marta S.,53.6
999,2026-05-07T12:00,account,medium,resolved,Marta S.,14.2
1000,2026-03-31T08:12,software,high,resolved,Tomasz B.,4.9
